Post Title,Post Time
U.S. Offshore Wind Industry Faces Uncertainty: Political Roadblocks and Global Impacts,2025-04-28 16:58:32
Japan's greenhouse gas emissions fall 4% in FY23/24 to record low,2025-04-27 19:42:24
Grid-Scale Battery Storage Is Quietly Revolutionizing the Energy System | WIRED,2025-04-27 02:22:57
Ethanol corn uses farmland area the size of New York — could solar do it better?,2025-04-26 00:07:40
"Meanwhile, in China, 60 GW of new solar capacity added in first quarter of 2025 | RenewEconomy",2025-04-25 19:44:03
Switzerland inaugurates first rail track solar power project,2025-04-25 00:28:30
Record wind power capacity was installed globally in 2024,2025-04-25 00:03:55
Xi contrasts China’s clean energy promises with Trump turmoil,2025-04-23 22:33:57
Spain hits first weekday of 100% renewable power on national grid – pv magazine International,2025-04-23 10:11:08
"US to impose tariffs of up to 3,521% on south-east Asia solar panels",2025-04-22 14:05:11
